Sample,KL,Mdists,Zvals,Peak,Correlation
01324.dpt,4.1905947384872615,13.349599205233925,-1356.1517827667046,0.0060862754993865065,0.6798819220154797
01326.dpt,39.41787204522711,78.53419124736885,1419.4780253832937,0.045838646731364285,0.7981796748058251
01327.dpt,5.225922999719774,8.773145944460127,-93.59029636061507,0.0887401810138499,0.8460193939728716
01328.dpt,3.660584661945685,5.836387232785443,-25.83849131657225,0.15881675553123548,0.8813956588543745
01329.dpt,12.793602691205587,24.606558179111513,717.4849481962694,0.10256014834210125,0.858635351500711
01330.dpt,12.632805358687655,23.411052898804062,534.8858090424487,0.13006039793780994,0.8649963885170818
01331.dpt,3.382240935078055,5.046092242152542,-81.53351102404821,0.1549587289263532,0.873994586505002
01332.dpt,8.827872863894598,15.84142453846455,340.2580474226999,0.1938010765617616,0.871743904287665
01333.dpt,7.728458790682679,13.10339543816994,70.2564261542827,0.21762224663425167,0.8780902517351182
01335.dpt,4.686819652297162,7.722167801581797,204.88741043875152,0.2697836850830436,0.874447426030984
01336.dpt,5.953962911834258,10.092264286817851,17.209519399570684,0.30756901760607336,0.8773714098710963
01337.dpt,6.346998056556073,10.921748319062416,52.04462600830828,0.3173577205954374,0.8747255758042459
01338.dpt,3.8163536229727346,5.935497404057301,-19.20468109465047,0.3445360580252192,0.8761920222098267
01339.dpt,4.72872285415732,7.466548460981589,3.522458661124922,0.356500775437015,0.8775808973615605
01340.dpt,3.865351950878663,5.785370488271199,10.489278022256169,0.4152667341008814,0.8746049943912285
01341.dpt,3.3323180031336825,5.017680086690076,-10.349549983036155,0.4195751452566462,0.8746764149273253
01342.dpt,3.64575531560006,5.343421932216901,165.46881127784306,0.4432385576641076,0.8734569777134534
01343.dpt,4.634749542104767,7.643761346094895,219.27604133492017,0.48449897356297306,0.8728498594277316
01344.dpt,4.981156989588252,8.720990800819651,117.08528783573294,0.5020284449730904,0.8767120916209079
01345.dpt,9.40119095526768,17.27791502773929,239.0437213096705,0.5413665341923701,0.8707166254138152
01346.dpt,3.5230572823235176,5.338147066215068,-4.057673653220731,0.5711231534013909,0.8741817872613711
01347.dpt,3.9271617888909014,6.564046259480639,79.80239319944212,0.5827204703006653,0.8745615367626222
01348.dpt,3.7143594604706536,5.686953611901218,69.85827841846047,0.667589296101218,0.875335781243141
01349.dpt,4.071634596926736,6.606712300814469,6.403860462569784,0.6732795919467118,0.8726367002276021
01350.dpt,4.828410651769867,8.249952026701163,-38.6999186201327,0.6830760839358949,0.8766335534890537
01351.dpt,5.2641342518126235,8.983789294923449,70.21919021798281,0.729594639462485,0.872207208861014
01352.dpt,6.151947035644997,11.11936131318854,36.23009920609207,0.804254838201889,0.8719602736546407
01353.dpt,5.929380873836321,10.864749539570333,74.18386340222243,0.8565859968319423,0.872507553676587
01355.dpt,4.899684516777551,8.889306807343951,27.03335923547515,0.9115668965789305,0.8786197866452933
01356.dpt,5.160310993063492,9.677280892889376,22.260384410689806,0.9061493109841797,0.8808724915338871
01357.dpt,4.3617192327795795,8.016089245912324,-4.576021620010802,0.8845554472352753,0.8859795396763114
01358.dpt,5.456863259034106,10.278557313162239,19.461798380623808,1.026131856258393,0.8800738692746055
01359.dpt,4.622798106449197,8.481982599683093,-1.4106430041383804,0.9715788986294045,0.8828599676051809
01360.dpt,5.203638897535574,9.69374531141033,7.148236549443818,1.0511921163115918,0.8811972720432956
01361.dpt,5.8132833109598465,10.894461178974593,19.12353096377997,1.1613391442936978,0.8783311092300482
01362.dpt,5.201258286221714,9.821720133336234,6.551102557334432,1.0973598605261876,0.8807919792502019
01363.dpt,5.9373547379074,11.074917246198362,6.8033588326880805,1.2006401902435768,0.8800357993814623
01364.dpt,6.388681244894865,12.21294022100878,7.311639855261276,1.2356042514036423,0.8817776020550125
01365.dpt,6.512093367352999,12.525307666542776,13.156167970712573,1.2390453982831344,0.8807780582787912
01012.dpt,4.959653848286048,7.854553418935807,209.83707495511507,0.060912771368168056,0.977286535127805
01020.dpt,4.7343660380054065,7.8430727362777315,120.98098893130849,0.12120242168355966,0.9861426208984428
01021.dpt,3.2205961441296354,5.476531595821348,-55.71927129632202,0.12870569018013525,0.9867154203340199
01022.dpt,3.5876290192936535,5.81690704733693,14.072221826100463,0.15172402644410798,0.9888430411896083
01027.dpt,3.0680830854284915,4.7249147378872305,-57.8004360256528,0.18319155858145697,0.988474488049603
01274.dpt,9.510077829660956,20.512383711636208,839.4400659140515,0.008026004643047896,0.9338839976346124
01275.dpt,4.2604834133448595,7.691935910822686,-71.98494699187515,0.05882786028248381,0.9852785685177621
01276.dpt,3.380560367229489,5.823508900104162,-99.62851484057603,0.10984905323738456,0.9874719677245647
01277.dpt,2.6575539272089577,3.5789831763295186,-15.61834055155447,0.1743094628705995,0.9857105606371419
01278.dpt,3.9281991050253504,6.461592847412613,-602.5979177752804,0.0340697448103727,0.9785147993708283
01279.dpt,2.6624169414746333,6.46110045241101,-222.66924599851976,0.056314758515654095,0.9846849227253762
01280.dpt,3.8166470688064216,7.581220317561721,170.14748910658986,0.07125014248062873,0.9831125227273579
01281.dpt,3.418125047992287,4.476252578818428,-208.77599639707455,0.09789408268743949,0.9854850018381254
01282.dpt,4.058577757838728,6.527075864033568,33.023399660501575,0.0960943308682833,0.984545288158522
01283.dpt,2.8497004756155158,4.161056103548889,-105.00108055186502,0.12651108110022363,0.984905976520256
01284.dpt,2.5179133998333874,3.704862038464273,-80.69678111816198,0.14537777615958072,0.9854250223344446
01285.dpt,2.8107281173660015,4.159140197675209,-53.21633993159767,0.1675885050872043,0.9836737743237006
01286.dpt,2.6349863893893195,3.766843554898239,-164.32652374038588,0.15657556115864033,0.9829944339003137
01287.dpt,2.4142873847189645,3.272622867390615,-134.51523108000094,0.1752144018841278,0.9786641847607425
01288.dpt,2.4448028521733556,3.300332549938053,-32.15455252965924,0.19897707351338575,0.9810935486476482
01289.dpt,2.585332272001151,3.4977183294606404,45.336145480182836,0.2012315311405392,0.9793380135665509
01290.dpt,2.6270529287380926,3.517962311207825,53.32764441891924,0.21998074898211883,0.9801335359624652
01291.dpt,2.007925236492182,2.449625618585036,-165.80459784499163,0.21058756616038857,0.9749424433259205
01292.dpt,1.874582580053137,2.390530226305446,-147.36890942984812,0.231479706881974,0.9726175918180393
01293.dpt,2.31008539362991,3.0598914824148724,-55.036383248455294,0.24471853473430363,0.974998072373671
01294.dpt,1.7626936934727182,2.303747839231991,1.7845908062498939,0.24593707653380809,0.9743790439269725
01295.dpt,1.8638430788094327,2.2159932818010963,-45.75441736643047,0.27779118153965693,0.9736821530554431
01296.dpt,1.8597188906143232,2.2191850065071934,-46.41317056211833,0.28551535586212096,0.9707821618244901
01297.dpt,1.6360852555052208,1.9538938875196359,-40.64353886473535,0.3183262434128507,0.9704472974629482
01298.dpt,4.1219081178709365,8.688958846543306,-1247.0962226943295,0.012168138815453783,0.9614818231276412
01299.dpt,4.260760015194523,8.722351355961276,-1240.074140817928,0.018155902231535702,0.9685939181864811
01300.dpt,4.109697655563962,7.44404453069114,-544.1881423255231,0.0352285490228505,0.9833912264470874
01301.dpt,4.665910859196642,7.41618847735147,-129.76037101945968,0.07317045588572683,0.9870963519521747
01302.dpt,3.5981576244027904,6.558752735741051,-301.7946257854275,0.06953655707538459,0.9862803872060577
01303.dpt,2.822097303541509,4.3995893871922735,-293.6190955992246,0.0865634466293256,0.9858615417701135
01304.dpt,5.624078459487758,10.2942973295576,291.02025024587545,0.1031838601643838,0.9823170405674835
01305.dpt,6.673980234936568,12.057777330131417,348.6147900022949,0.13459417829685102,0.9799395715200172
01306.dpt,7.47033406133572,16.757235923390798,382.2860360327827,0.14228695511471856,0.9744175573916303
01307.dpt,9.5384263402046,18.152363101824463,495.80478098384117,0.1554599413065681,0.9648068834059151
01308.dpt,2.6379088117987073,4.230320432604631,-48.33488190497988,0.15122716024794475,0.9839806012154292
01309.dpt,1.705741759139655,1.989875457678402,-26.651937333066332,0.32532109249946484,0.9719794653104945
01310.dpt,2.463984562710618,3.6246571903720075,47.459982852105846,0.3185677421592365,0.9735872004239046
01311.dpt,1.7683477896638233,2.239684165981303,-23.76293731780656,0.35194818400963457,0.9727487910859182
01312.dpt,1.4788300904168388,1.6639923766225155,-99.9368789741091,0.31545306339152385,0.9700904526276202
01313.dpt,1.7515779979469328,2.1540591149108836,51.279876923421824,0.36366660118924654,0.9712681092224575
01314.dpt,1.8184915447008019,2.353648056612362,23.692769798493053,0.3853108004686238,0.9710707425758217
01315.dpt,1.4008121303406373,1.5707944444555728,-26.981946542868066,0.41589631480267697,0.9692685982455985
01316.dpt,1.005253634496528,0.8109551383349786,-66.75501230052409,0.5048587420334623,0.9670931116240223
01317.dpt,0.9381398522463347,0.7931545320956886,-16.099027975884933,0.6870563274148997,0.9675274621064599
01168.dpt,8.778272320400605,19.54465359383036,-4.308361834846971,0.00949232664724519,0.7901343876202047
01170.dpt,11.763109177803052,22.34930789440519,-111.48548175774235,0.007388014670039814,0.7868014070121979
01171.dpt,8.012949634962496,15.37688050798015,-111.01011675122407,0.010159504874219044,0.8490256365129066
01172.dpt,7.797485315056843,14.795374195073606,-35.82170305275537,0.011789881829016715,0.8546315897639385
01173.dpt,10.773135302362945,19.888469387154426,93.92494398283984,0.0114476655787746,0.8455613292410868
01174.dpt,7.870030574563563,14.191218750975757,-17.7088588997897,0.014381820130108712,0.8552750755992927
01175.dpt,4.636838047677044,8.452305495340743,-30.284044236460723,0.017803042892861123,0.8388002543358701
01176.dpt,4.889394989375602,8.992214429314282,25.87900102652764,0.02092929035081475,0.8408045878806304
01182.dpt,25.607563551208266,48.61941909966816,368.2384795447864,0.006248823993636021,0.6291960045476206
01184.dpt,22.98978383439302,45.164879963564225,150.33261847118484,0.011611372905195358,0.7929902377906249
01189.dpt,28.974557636063697,55.71567434343587,281.657337647348,0.008217174268231695,0.6892699325787133
01190.dpt,15.968241320192986,30.711582610624603,65.63939176085307,0.012244511639327361,0.813515418322358
01191.dpt,6.066583355044267,10.821574677321797,48.20201936028177,0.024441150666759184,0.8352602817228719
01092.dpt,15.809986431921796,30.53625374982571,218.7616797669801,0.011845929575634025,0.5820103270450767
01093.dpt,12.27687803429975,22.363825086709447,-149.9566027334677,0.0174789925010116,0.6536895975763375
01094.dpt,7.636269339943468,14.724713395504416,-72.87884323372475,0.025354996183239373,0.7597519044563578
01095.dpt,3.64262206409744,5.675460259387069,-53.93260158094755,0.05014918466346028,0.8268660563729814
01096.dpt,5.264973245889871,8.905289254534555,-5.543694633529993,0.043758515654597034,0.8185647113555533
01097.dpt,4.0055991404164395,6.60061269545161,-41.62532262650506,0.048757426309908744,0.8229141580148999
01098.dpt,4.841230590827567,8.488576473030548,-2.28520790562995,0.0578463136279762,0.8262024504791761
01099.dpt,4.83315097169673,8.460547164853603,26.79014318405865,0.08008181090238187,0.8375997005382515
01101.dpt,2.736347834238265,4.507948986077868,-46.45354419894036,0.08097652909361844,0.8465989704970917
01102.dpt,2.7438004619166145,4.154372488682086,-27.269471822814516,0.08498061103974267,0.8504468785417719
01103.dpt,2.403613638088994,3.6303974031294586,-13.2921510114009,0.11310121678974072,0.8495728652299527
01105.dpt,2.3887781555795105,3.339099597336686,-42.02939474456182,0.11256312165057056,0.851714910358119
01106.dpt,2.3153805568001182,3.2761942203569103,-0.4215762976149269,0.11405966347655616,0.8507668594336579
01107.dpt,1.8684746562004861,2.403021426296174,-32.38969620303961,0.14165515411226057,0.8555822301255094
01108.dpt,1.6436725389172262,2.2746999428806194,-55.78236736887463,0.13157688249429414,0.8565748049397247
01110.dpt,2.202733048343437,3.0433269905015,-31.811424040718812,0.1378078904660604,0.857690213821866
01113.dpt,13.557526478014012,26.317681389405912,-4.019672079864466,0.020021695234134867,0.7021256365045794
01114.dpt,5.658483115083574,9.267765776828538,-7.548593924822679,0.037295032658545155,0.8287366552756398
01115.dpt,3.0190421369444906,4.590345528943927,-85.10767112302885,0.05792354327937894,0.8451242590250327
01116.dpt,2.6068479216519322,3.9624776770655212,-38.979199806154085,0.09261911301484542,0.8489429393667938
01117.dpt,2.1758362328349516,3.0120220146136623,-81.48908322138466,0.08712832779650775,0.8510302572186245
01118.dpt,4.019656877626149,6.977489129211446,95.73488706440807,0.10373953378318285,0.846500528251168
01119.dpt,3.4987996164592734,5.811462998109703,18.43925744391786,0.12498576236008867,0.8530377176538598
01120.dpt,2.76339231510909,4.383672820316801,0.1939034631344531,0.1500182276222225,0.85674902392974
01129.dpt,8.497780898177838,15.903825914601235,289.22773304048394,0.003381824373629494,0.7508902945996622
01130.dpt,8.045725326157243,14.806050385803948,206.7605119654915,0.011728092678512492,0.8660302301084523
01131.dpt,11.432418745067853,21.536146840195524,325.89323835644825,0.018628626250332903,0.8829159780544562
01132.dpt,4.38605429994857,7.421086293058565,14.185671923896775,0.03983388347936567,0.8964852044038941
01133.dpt,4.799635175808501,8.325043873904882,37.311471599504465,0.031560932811007025,0.8935367994898573
01134.dpt,4.259151875423916,7.021328733748547,9.19617161220542,0.03708199743225832,0.899002678713666
01135.dpt,3.583784146141084,5.743599996722825,-0.8573941728111504,0.04569644188165639,0.9033153740442199
01136.dpt,2.77158639054703,4.171692306033654,-47.60002873654471,0.06317852317317796,0.8624632477467754
01444.dpt,4.550692832006025,10.79362372753087,645.9357325647702,0.003912889127434371,0.891709518652325
01445.dpt,4.756801902017965,9.550181166367192,-24.691081135600374,0.011227101040811427,0.920378628608377
01446.dpt,3.914436368281756,8.29813025412024,-455.5972522256852,0.017736945072517774,0.9192211068847409
01447.dpt,4.715160073527644,8.462630398436731,378.9028733891239,0.035630951456533055,0.8992139140285837
01448.dpt,3.8348032503552147,6.592517534697696,226.01987789899152,0.03150292228601426,0.9042710446021135
01449.dpt,4.168828825629492,7.09045731264466,81.2746048984402,0.036675916116143126,0.90115867714456
01450.dpt,1.7737006604009897,5.001955608977894,24.847322683504373,0.043442168933619685,0.8903237158622656
01451.dpt,3.1663754621243294,5.183578995014415,7.026102986550602,0.06867961644152892,0.8570744494412857
01452.dpt,3.1095263047103123,4.504079698673182,-21.225491243198043,0.054748220880205645,0.8698463978522106
01453.dpt,2.9538953605229605,4.39081243524923,-18.951202387433426,0.05991196866026277,0.8510745309619131
01454.dpt,4.529548530865483,7.381765370561484,138.99169248103658,0.06867412750907631,0.8435200064005226
01455.dpt,4.290959895502941,7.377298916216025,7.014232148162297,0.08634390652436902,0.7900985203150678
01456.dpt,3.667221547396502,5.967277182920384,86.37506307512825,0.08518912307053073,0.7944441854352988
01457.dpt,3.297038927853297,5.268325938422949,163.64042105388572,0.08843128321432436,0.7869075892689975
01458.dpt,4.5950207486845995,7.931033526859696,83.37571807043014,0.0850847812108032,0.7825640107543557
01459.dpt,3.5310079375066157,6.18697920410903,80.098115457364,0.10088123412391731,0.7694008145539512
01460.dpt,4.8112107675634554,8.622057726725272,79.7204806355076,0.10786334923591734,0.7457469263188021
01387.dpt,4.0490281769795144,9.3630116563259,291.29170883097515,0.0012841009199673348,0.5885262686238296
01388.dpt,5.8677978576125795,10.242382911861815,1965.9047424483272,0.006508988399474044,0.8615907158937629
01389.dpt,4.395452283482246,8.172104163010316,694.3216982599424,0.01781173416152959,0.9277354311193836
01390.dpt,3.8229713460330252,6.2145475127028105,-60.67331513763396,0.0327659319913052,0.9279984885114764
01391.dpt,4.957932019860165,14.549235723473371,-353.3940411348947,0.0019512505039940287,0.10590179442453553
01392.dpt,4.287465036267524,11.039601268092424,313.4499522795349,0.0013736044383223754,0.6844549508073956
01393.dpt,6.123603303678836,16.44746225162772,466.52064557521646,0.0020076859786003383,0.6982183100027983
01394.dpt,1.8896207581490603,7.748923886989653,33.15164716206362,0.003627522221676194,0.8322382083055906
01395.dpt,4.027611132913402,7.884976364161736,327.8872230095103,0.0032498188206508006,0.846165239029071
01396.dpt,1.8868822732163644,6.53673476341811,-239.28488724187136,0.0036577693765260785,0.8532375967030262
01397.dpt,4.443933029718639,8.27938536590591,1583.7040528006842,0.004609475776615607,0.856661305765711
01398.dpt,5.188352963641063,11.10406401856123,1254.8565806818513,0.006460388263614565,0.8873491965182273
01399.dpt,2.345183968625152,7.252708454346384,222.14483320555152,0.0057687420886590735,0.8753596195613795
01400.dpt,1.4293766322343926,8.70564304915409,52249277.68436252,0.005658465316021211,0.8500472835816125
01401.dpt,17.406392212374197,35.159437267891136,1811.4173374408342,0.006792522251201437,0.839977369897374
01402.dpt,7.9226161511929,14.584844902337919,887.0113296415229,0.00850187107736295,0.877642124029661
01403.dpt,3.8409868248638386,8.272262946630127,-559.9758613863444,0.0078016240141041155,0.88019962539421
01404.dpt,3.459882666342751,7.27870549724477,-412.232765578866,0.0087572140777105,0.8877112025834517
01405.dpt,4.166667449547989,8.737074438561333,-60.198535294323904,0.00938831954715742,0.8885192279618276
01406.dpt,3.9218209055516797,6.505709846161529,-108.0847450013052,0.011142564720532796,0.8999035415332027
01407.dpt,3.8122734598483805,7.68002101614651,-477.3068859331388,0.01114898052408016,0.8947572134555447
01408.dpt,3.749030587425177,7.1615903027961085,116.26496441858377,0.011819311503217583,0.9203447528760024
01409.dpt,5.099799565170773,9.091679351121659,365.3380721740492,0.012538247196675852,0.9231465353796564
01410.dpt,4.027656921031311,7.016349037135693,-320.8073253864771,0.016136484780205684,0.9294955037521794
01411.dpt,6.5837045126118126,11.793050712157369,95.8910062673106,0.016643579647746588,0.9239458610820043
01412.dpt,5.621192374058781,11.73909568846562,170.7161079998713,0.017992961720251926,0.9295464834603933
01413.dpt,7.532022508944547,12.856815260103158,357.57586415146403,0.018853782719764976,0.9376057935487258
01414.dpt,4.119049167168516,7.292736878860845,-43.6961128889782,0.023301038357012006,0.938383295319637
01415.dpt,4.327920942399287,7.9734987641249715,-221.2232580060962,0.021550079249501596,0.9364286053076178
01416.dpt,5.267944355902092,9.231849727743814,138.5707136134027,0.02182386089468454,0.9337525936775294
01417.dpt,4.441490946943724,7.162182611788082,105.45286437883256,0.023743748413406318,0.9380732029238061
01418.dpt,3.8587563431349325,6.73539811283927,-225.77198582090472,0.02680597074726608,0.9315461574613101
01419.dpt,4.5089703628051465,7.693551298154993,-199.37398965447704,0.025078618961312464,0.9300475759567626
01420.dpt,5.229465200931233,9.877769319429776,66.32235435494653,0.026427012609847825,0.9231036359698847
01421.dpt,4.547653438793305,7.153933805381023,-9.798123318227516,0.026339037265068525,0.9313733303828088
01422.dpt,5.3006641872028215,8.94246528774754,-30.48107096509198,0.02984993810938076,0.9243127854175808
01423.dpt,4.289419712861814,6.757935232650869,-163.9948067481749,0.030972621922477808,0.9229466866416174
01424.dpt,5.082439407341136,8.508742289685406,-20.6426373974122,0.03237178584009741,0.9217852873086245
01425.dpt,5.307011845919382,9.228451040230107,60.49897167088191,0.06259173332259277,0.8819935069353692
